{
  "neighbors": {
    "52": [],
    "51": [],
    "50": [],
    "49": [],
    "48": [],
    "47": [],
    "46": [],
    "45": [
      "41",
      "42"
    ],
    "44": [],
    "43": [
      "42"
    ],
    "42": [
      "34",
      "38",
      "41",
      "43",
      "45"
    ],
    "41": [
      "38",
      "40",
      "42",
      "45"
    ],
    "40": [
      "41"
    ],
    "38": [
      "34",
      "37",
      "41",
      "42"
    ],
    "37": [
      "38"
    ],
    "36": [],
    "35": [],
    "34": [
      "38",
      "42"
    ],
    "33": [],
    "32": [],
    "31": [],
    "30": [],
    "27": [],
    "26": [
      "26"
    ],
    "25": [],
    "24": [
      "23"
    ],
    "23": [
      "24"
    ],
    "221": [],
    "21": [],
    "20": [
      "201"
    ],
    "201": [
      "20"
    ],
    "19": [],
    "18": [],
    "17": [
      "13",
      "15",
      "16"
    ],
    "16": [
      "15",
      "17"
    ],
    "15": [
      "16",
      "17"
    ],
    "13": [
      "17"
    ],
    "12": [],
    "11": [],
    "10": [
      "10"
    ],
    "9": [],
    "8": [],
    "7": [],
    "6": [],
    "5": [],
    "4": [
      "2"
    ],
    "3": [],
    "2": [
      "4"
    ],
    "1": []
  },
  "centroids": {
    "52": {
      "x": 22.097944817452127,
      "y": -53.04222172872972
    },
    "51": {
      "x": -13.20444586800944,
      "y": -14.464776898207583
    },
    "50": {
      "x": -37.61219780111644,
      "y": -15.80469268746152
    },
    "49": {
      "x": -36.20277860330582,
      "y": -10.16163666645598
    },
    "48": {
      "x": -46.41563362212089,
      "y": 21.482203396524053
    },
    "47": {
      "x": -55.74738370980575,
      "y": 25.336451123400764
    },
    "46": {
      "x": -101.5791380482254,
      "y": 32.66732880454052
    },
    "45": {
      "x": -73.71014743405878,
      "y": 41.30536795725263
    },
    "44": {
      "x": -87.74317105563122,
      "y": 35.23889035721864
    },
    "43": {
      "x": -65.53832849815143,
      "y": 52.1168653402012
    },
    "42": {
      "x": -59.11674991503868,
      "y": 51.20449865299759
    },
    "41": {
      "x": -56.23539132647828,
      "y": 42.05110283076046
    },
    "40": {
      "x": -72.30458000769356,
      "y": 36.25742953175664
    },
    "38": {
      "x": -40.24086040734646,
      "y": 45.571129916106
    },
    "37": {
      "x": -33.44280210312789,
      "y": 46.10364711265969
    },
    "36": {
      "x": -10.597657348388422,
      "y": 31.819324956920596
    },
    "35": {
      "x": 2.472472116901287,
      "y": 60.60462121068553
    },
    "34": {
      "x": -44.54866046847227,
      "y": 50.72807642289283
    },
    "33": {
      "x": -92.7966563574059,
      "y": 58.94557046478809
    },
    "32": {
      "x": -104.81552115314159,
      "y": 73.70227114411452
    },
    "31": {
      "x": -141.46704360714847,
      "y": 56.22118792316013
    },
    "30": {
      "x": -94.02584164721813,
      "y": 56.11516460022156
    },
    "27": {
      "x": -141.37770994722024,
      "y": 44.61053699452666
    },
    "26": {
      "x": -113.76168693679826,
      "y": 23.333600910392956
    },
    "25": {
      "x": -91.30514682610135,
      "y": 12.277195491411039
    },
    "24": {
      "x": -109.75945122072373,
      "y": 4.024658952038945
    },
    "23": {
      "x": -132.54468577036351,
      "y": 10.705434719613322
    },
    "221": {
      "x": -117.1593118565312,
      "y": -7.333978709898456
    },
    "21": {
      "x": -115.80526844291988,
      "y": -9.30578364308939
    },
    "20": {
      "x": -116.61034321026244,
      "y": -27.248463119425796
    },
    "201": {
      "x": -116.61034321026244,
      "y": -27.248463119425796
    },
    "19": {
      "x": -116.93778006223943,
      "y": -35.836848877955795
    },
    "18": {
      "x": 74.71740077419207,
      "y": -29.771138874284212
    },
    "17": {
      "x": 121.38970578199742,
      "y": -34.51598339577329
    },
    "16": {
      "x": 133.0704598344309,
      "y": -44.54884162725628
    },
    "15": {
      "x": 149.3335345369264,
      "y": -19.352698912313002
    },
    "13": {
      "x": 131.29610041865047,
      "y": 5.052341810246072
    },
    "12": {
      "x": 87.37808996986656,
      "y": 21.242449769388575
    },
    "11": {
      "x": 109.69008669128239,
      "y": 23.279595060472424
    },
    "10": {
      "x": 108.77262703877057,
      "y": 37.29026879853271
    },
    "9": {
      "x": 108.92830033049223,
      "y": 33.687591825129836
    },
    "8": {
      "x": 102.15971733911402,
      "y": 35.11272836197188
    },
    "7": {
      "x": 91.19143563672624,
      "y": 23.32422430201413
    },
    "6": {
      "x": 84.13307286962946,
      "y": 36.9350722071876
    },
    "5": {
      "x": 73.10493404761117,
      "y": 35.01731804225012
    },
    "4": {
      "x": 65.23600860542761,
      "y": 69.43554713564724
    },
    "3": {
      "x": 51.792599388766405,
      "y": 54.63293579672411
    },
    "2": {
      "x": 66.36082322084512,
      "y": 69.49343859431181
    },
    "1": {
      "x": 152.30449523008843,
      "y": 76.23122502660955
    }
  }
}